album_id,title,release_date
9d34567d-4380-4c78-851a-457e92d9c87f,Versatile asynchronous functionalities,2017-06-20
f4647e31-22ac-475c-9fdd-8557dde74946,Managed object-oriented data-warehouse,2023-02-11
43c3aa73-dc19-4ac3-bad2-0aa07db4db90,Triple-buffered empowering implementation,2021-05-06
c37fcbe5-d393-4e27-b2a8-34b0cf04512c,Profound holistic hardware,2016-09-20
0e5848f1-5e4f-48e7-8252-ce548d08866c,Fundamental neutral open architecture,2024-03-19
75bb999c-f320-400a-b51a-70b92e0731fa,Enterprise-wide secondary challenge,2017-12-13
01cc101d-6fe2-446c-a5e3-4ba3bc38ddac,Centralized incremental migration,2023-11-15
22f5e5ab-7664-47f3-952d-afe1f9a8fe71,Reduced content-based protocol,2016-04-25
ee987c39-ac59-4a19-b138-e3f0d88e516f,Open-source exuding groupware,2020-08-04
af9eedab-afc7-460a-b451-4ede0d96a656,Enterprise-wide 24/7 focus group,2022-10-02
